code,name,position,team,value,prediction,rank
141746,Bruno Borges Fernandes,MID,Man Utd,120.0,7.377334993207754,1
466052,Rayan Cherki,MID,Man City,76.0,6.658869172122428,2
244851,Cole Palmer,MID,Chelsea,96.0,6.179891958065543,3
475168,João Pedro Junqueira de Jesus,FWD,Chelsea,76.0,6.0974847441699564,4
17761,James Tarkowski,DEF,Everton,60.0,5.61057458440843,5
243298,Cody Gakpo,MID,Liverpool,70.0,5.461426136980217,6
513545,Mamadou Sangaré,MID,Brentford,56.0,5.271500109382471,7
473284,Konstantinos Tzolakis,GK,Hull City,45.0,5.158317129575848,8
449434,Anthony Elanga,MID,Newcastle,60.0,5.032011502354029,9
466525,Anton Stach,MID,Leeds,60.0,5.032011502354029,10
146426,Semi Ajayi,DEF,Hull City,40.0,4.982494547412317,11
222531,Morgan Gibbs-White,MID,Nott'm Forest,79.0,4.982448922923333,12
223094,Erling Haaland,FWD,Man City,155.0,4.900041709027747,13
465730,Maxim De Cuyper,DEF,Brighton,46.0,4.86755145744994,14
532529,Jack Hinshelwood,MID,Brighton,60.0,4.792522895325587,15
477424,Joško Gvardiol,DEF,Man City,56.0,4.652620156294661,16
249231,Keane Lewis-Potter,MID,Brentford,55.0,4.625270713270407,17
215413,Kiernan Dewsbury-Hall,MID,Everton,65.0,4.503471708866448,18
244850,Morgan Rogers,MID,Chelsea,75.0,4.503471708866448,19
446008,Bryan Mbeumo,MID,Man Utd,80.0,4.503471708866448,20
607464,Michael Kayode,DEF,Brentford,46.0,4.388574243393055,21
60307,Pascal Groß,MID,Brighton,55.0,4.385782106241964,22
84450,Granit Xhaka,MID,Sunderland,55.0,4.385782106241964,23
487838,Lewis Hall,DEF,Newcastle,50.0,4.322185216431893,24
503139,Alex Scott,MID,Bournemouth,60.0,4.313545681268702,25
108416,John Egan,DEF,Hull City,40.0,4.264028726326991,26
424876,Dominik Szoboszlai,MID,Liverpool,70.0,4.263983101838006,27
209036,Marc Guéhi,DEF,Man City,60.0,4.173642942237777,28
440993,Iliman Ndiaye,MID,Everton,60.0,4.074057074240261,29
513418,Kevin Schade,MID,Brentford,60.0,4.074057074240261,30
606930,Nobel Mendy,DEF,Hull City,40.0,4.024540119298549,31
184029,Martin Ødegaard,MID,Arsenal,66.0,4.024494494809565,32
430871,Matheus Santos Carneiro da Cunha,MID,Man Utd,80.0,4.024494494809565,33
432720,James Trafford,GK,Leeds,50.0,3.8953837161752323,34
216646,Yoane Wissa,FWD,Newcastle,60.0,3.8423929258073435,35
209244,Phil Foden,MID,Man City,70.0,3.785005887781123,36
551499,Victor Munoz,MID,Liverpool,65.0,3.785005887781123,37
219168,Alexander Isak,FWD,Liverpool,90.0,3.702598673885536,38
111234,Jordan Pickford,GK,Everton,55.0,3.6806643352559067,39
456512,Dan Ndoye,MID,Nott'm Forest,55.0,3.6673162851566383,40
198869,Benjamin White,DEF,Arsenal,55.0,3.6667528342255404,41
434752,Jaka Bijol,DEF,Leeds,50.0,3.603719395346567,42
201658,Marcus Tavernier,MID,Bournemouth,60.0,3.5950798601833767,43
223340,Bukayo Saka,MID,Arsenal,95.0,3.5455172807526805,44
466075,Riccardo Calafiori,DEF,Arsenal,56.0,3.455177121152451,45
166477,Timothy Castagne,DEF,Fulham,45.0,3.4391289440648856,46
220627,James Justin,DEF,Leeds,45.0,3.4391289440648856,47
463726,Amar Dedic,DEF,Newcastle,45.0,3.4391289440648856,48
480455,Jarrad Branthwaite,DEF,Everton,55.0,3.427264227197098,49
522047,Tarik Muharemović,DEF,Leeds,50.0,3.3642307883181246,50
247632,Pedro Lomba Neto,MID,Chelsea,65.0,3.3060286737242386,51
191866,Kristoffer Ajer,DEF,Brentford,45.0,3.1996403370364432,52
474120,Julio Enciso,MID,Ipswich Town,55.0,3.188339071099754,53
200834,Nordi Mukiele,DEF,Sunderland,55.0,3.1877756201686562,54
432830,Nathan Collins,DEF,Brentford,55.0,3.1877756201686562,55
154561,David Raya Martín,GK,Arsenal,60.0,3.1788585683088306,56
200720,Caoimhín Kelleher,GK,Brentford,50.0,3.1769178950899057,57
514254,Diego Gómez Amarilla,MID,Brighton,50.0,3.1625816251107426,58
465642,Malick Thiaw,DEF,Newcastle,50.0,3.1247421812896827,59
177815,Dominic Calvert-Lewin,FWD,Leeds,60.0,3.123927104722017,60
444102,Francisco Evanilson de Lima Barbosa,FWD,Bournemouth,60.0,3.123927104722017,61
232351,Ryan Giles,DEF,Hull City,40.0,3.06658569118478,62
437730,Antoine Semenyo,MID,Man City,85.0,3.0665400666957963,63
543968,Emersonn Correia da Silva,FWD,Ipswich Town,55.0,3.004113501091922,64
586309,Thierno Barry,FWD,Everton,55.0,3.004113501091922,65
226597,Gabriel dos Santos Magalhães,DEF,Arsenal,80.0,2.9903743867699912,66
437499,Maxence Lacroix,DEF,Chelsea,60.0,2.976199907095567,67
224967,Vitalii Mykolenko,DEF,Everton,45.0,2.9601517300080014,68
577725,Josh King,MID,Fulham,55.0,2.9488504640713122,69
470551,Lukás Hornícek,GK,Newcastle,50.0,2.937429288061464,70
204580,Vitaly Janelt,MID,Brentford,50.0,2.9230930180823003,71
609873,Harrison Armstrong,MID,Everton,50.0,2.9230930180823003,72
215136,Neco Williams,DEF,Nott'm Forest,50.0,2.8852535742612404,73
220237,Sven Botman,DEF,Newcastle,50.0,2.8852535742612404,74
223827,Daniel Ballard,DEF,Sunderland,50.0,2.8852535742612404,75
551466,Gonzalo García,FWD,Fulham,60.0,2.884438497693575,76
461102,Bobby Thomas,DEF,Coventry City,40.0,2.8270970841563376,77
439509,Christos Tzolis,MID,Arsenal,65.0,2.8270514596673544,78
494595,Florian Wirtz,MID,Liverpool,75.0,2.8270514596673544,79
437505,Wilson Isidor,FWD,Sunderland,55.0,2.76462489406348,80
472769,Nico O'Reilly,DEF,Man City,65.0,2.7508857797415494,81
219847,Kai Havertz,FWD,Arsenal,75.0,2.7446442457717675,82
498016,Robin Roefs,GK,Sunderland,50.0,2.697940681033022,83
200089,Joe Willock,MID,Newcastle,50.0,2.6836044110538584,84
540324,Mohamed Belloumi,MID,Hull City,50.0,2.6836044110538584,85
467779,Mats Wieffer,DEF,Brighton,50.0,2.6457649672327985,86
215379,Elliot Anderson,MID,Man City,64.0,2.5875628526389125,87
97032,Virgil van Dijk,DEF,Liverpool,65.0,2.511397172713107,88
226182,Jayden Bogle,DEF,Leeds,45.0,2.481174515951117,89
487676,Trai Hume,DEF,Sunderland,45.0,2.481174515951117,90
199598,Ethan Ampadu,MID,Leeds,55.0,2.469873250014428,91
443261,Jack Clarke,MID,Ipswich Town,55.0,2.469873250014428,92
500040,Cristhian Mosquera,DEF,Arsenal,55.0,2.46930979908333,93
514356,Roméo Lavia,MID,Chelsea,50.0,2.444115804025416,94
536661,Nilson Angulo,MID,Sunderland,50.0,2.444115804025416,95
483067,António João Pereira de Albuquerque Tavares da Silva,DEF,Bournemouth,50.0,2.406276360204356,96
610799,Luka Vušković,DEF,Brighton,50.0,2.406276360204356,97
166989,Youri Tielemans,MID,Man Utd,60.0,2.3976368250411664,98
222683,Justin Kluivert,MID,Bournemouth,60.0,2.3976368250411664,99
441266,Ryan Gravenberch,MID,Liverpool,60.0,2.3976368250411664,100
153682,Harry Wilson,MID,Leeds,65.0,2.34807424561047,101
499604,Rayan Vitor Simplício Rocha,MID,Bournemouth,65.0,2.34807424561047,102
533463,Dango Ouattara,MID,Brentford,65.0,2.34807424561047,103
611695,Malick Yalcouyé,MID,Brighton,45.0,2.2578652778247914,104
214225,Joe Rodon,DEF,Leeds,45.0,2.241685908922675,105
434399,Reinildo Mandava,DEF,Sunderland,45.0,2.241685908922675,106
93605,Thomas Meunier,DEF,Sunderland,45.0,2.241685908922675,107
207283,Mathias Jensen,MID,Brentford,55.0,2.230384642985986,108
488024,Yéremy Pino Santos,MID,Crystal Palace,55.0,2.230384642985986,109
496221,Adam Wharton,MID,Crystal Palace,55.0,2.230384642985986,110
531442,Abdul Fatawu,MID,Ipswich Town,55.0,2.230384642985986,111
547719,Lewis Miley,MID,Newcastle,55.0,2.230384642985986,112
227444,Nikola Milenković,DEF,Nott'm Forest,55.0,2.229821192054888,113
463981,James Hill,DEF,Bournemouth,55.0,2.229821192054888,114
494521,Adrien Truffert,DEF,Bournemouth,55.0,2.229821192054888,115
575476,Murillo Costa dos Santos,DEF,Nott'm Forest,55.0,2.229821192054888,116
95658,Harry Maguire,DEF,Man Utd,50.0,2.1667877531759143,117
201666,Harvey Barnes,MID,Newcastle,60.0,2.1581482180127245,118
484420,Enzo Le Fée,MID,Sunderland,60.0,2.1581482180127245,119
455084,Leif Davis,DEF,Ipswich Town,40.0,2.1086312630710116,120
176297,Marcus Rashford,MID,Man Utd,70.0,2.1085856385820283,121
204480,Declan Rice,MID,Arsenal,75.0,2.1085856385820283,122
169432,Oli McBurnie,FWD,Hull City,55.0,2.046159072978154,123
647850,Charalampos Kostoulas,FWD,Brighton,55.0,2.046159072978154,124
243413,Regan Slater,MID,Hull City,45.0,2.018376670796349,125
221466,Marcos Senesi Barón,DEF,Spurs,60.0,2.0182454789817985,126
204936,Gianluigi Donnarumma,GK,Man City,55.0,2.0042440860568123,127
432714,James McAtee,MID,Nott'm Forest,55.0,1.9908960359575438,128
477555,Oscar Bobb,MID,Fulham,55.0,1.9908960359575438,129
516895,Kobbie Mainoo,MID,Man Utd,55.0,1.9908960359575438,130
547027,Habib Diarra,MID,Sunderland,55.0,1.9908960359575438,131
550615,Tyrique George,MID,Everton,55.0,1.9908960359575438,132
171314,Rúben dos Santos Gato Alves Dias,DEF,Man City,55.0,1.9903325850264457,133
578153,Abdukodir Khusanov,DEF,Man City,55.0,1.9903325850264457,134
155408,Lewis Cook,MID,Bournemouth,50.0,1.965138589968532,135
212314,Saša Lukić,MID,Ipswich Town,50.0,1.965138589968532,136
232905,Liam Millar,MID,Hull City,50.0,1.965138589968532,137
501390,Marcelino Núñez,MID,Ipswich Town,50.0,1.965138589968532,138
606702,Jeremy Jacquet,DEF,Liverpool,50.0,1.9272991461474722,139
441264,Brian Brobbey,FWD,Sunderland,60.0,1.9264840695798067,140
470313,Nick Woltemade,FWD,Newcastle,60.0,1.9264840695798067,141
538207,William Osula,FWD,Newcastle,60.0,1.9264840695798067,142
511499,Mathys Tel,MID,Spurs,60.0,1.9186596109842822,143
463067,Georginio Rutter,FWD,Brighton,55.0,1.8066704659497117,144
489639,Bart Verbruggen,GK,Brighton,45.0,1.8054766311776596,145
445122,Jurriën Timber,DEF,Arsenal,65.0,1.7929313516277812,146
231747,Jean-Philippe Mateta,FWD,Crystal Palace,65.0,1.786689817657999,147
438234,Omar Marmoush,FWD,Spurs,70.0,1.786689817657999,148
485711,Benjamin Sesko,FWD,Man Utd,70.0,1.786689817657999,149
502500,Igor Thiago Nascimento Rodrigues,FWD,Brentford,80.0,1.786689817657999,150
116535,Alisson Becker,GK,Liverpool,55.0,1.7647554790283702,151
122798,Andrew Robertson,DEF,Spurs,45.0,1.7627086948657908,152
159506,Ola Aina,DEF,Nott'm Forest,45.0,1.7627086948657908,153
204120,Olivier Boscagli,DEF,Brighton,45.0,1.7627086948657908,154
551210,Jorrel Hato,DEF,Chelsea,45.0,1.7627086948657908,155
83299,Lewis Dunk,DEF,Brighton,45.0,1.7627086948657908,156
153133,Alex Iwobi,MID,Fulham,55.0,1.7514074289291015,157
244860,Hayden Hackney,MID,Everton,55.0,1.7514074289291015,158
427637,Brenden Aaronson,MID,Leeds,55.0,1.7514074289291015,159
432422,Sandro Tonali,MID,Spurs,55.0,1.7514074289291015,160
440089,Mikkel Damsgaard,MID,Brentford,55.0,1.7514074289291015,161
442967,Daizen Maeda,MID,Ipswich Town,55.0,1.7514074289291015,162
172649,Dean Henderson,GK,Crystal Palace,50.0,1.7399862529192536,163
465247,Senne Lammens,GK,Man Utd,50.0,1.7399862529192536,164
85633,Matz Sels,GK,Nott'm Forest,50.0,1.7399862529192536,165
204561,Xaver Schlager,MID,Nott'm Forest,50.0,1.72564998294009,166
209400,Daichi Kamada,MID,Crystal Palace,50.0,1.72564998294009,167
513466,Merlin Röhl,MID,Everton,50.0,1.72564998294009,168
577669,Noah Sadiki,MID,Sunderland,50.0,1.72564998294009,169
147675,Chuba Akpom,FWD,Ipswich Town,50.0,1.7181185425209056,170
216051,Diogo Dalot Teixeira,DEF,Man Utd,50.0,1.6878105391190301,171
427623,Chris Richards,DEF,Crystal Palace,50.0,1.6878105391190301,172
570794,Anan Khalaili,DEF,Crystal Palace,50.0,1.6878105391190301,173
247412,Jørgen Strand Larsen,FWD,Crystal Palace,60.0,1.6869954625513643,174
482973,Igor Jesus Maciel da Cruz,FWD,Nott'm Forest,60.0,1.6869954625513643,175
435997,Noah Okafor,MID,Leeds,59.0,1.67917100395584,176
444180,Jaidon Anthony,MID,Brentford,60.0,1.67917100395584,177
551226,Mateus Fernandes,MID,Spurs,60.0,1.67917100395584,178
611922,Rio Ngumoha,MID,Liverpool,60.0,1.67917100395584,179
193278,Lewie Coyle,DEF,Hull City,40.0,1.6296540490141276,180
114283,Jack Grealish,MID,Man City,65.0,1.629608424525144,181
172780,James Maddison,MID,Spurs,64.0,1.629608424525144,182
232413,Eberechi Eze,MID,Arsenal,64.0,1.629608424525144,183
248857,Noni Madueke,MID,Arsenal,64.0,1.629608424525144,184
448047,Enzo Fernández,MID,Chelsea,69.0,1.629608424525144,185
460842,Mohammed Kudus,MID,Spurs,65.0,1.629608424525144,186
624773,Estêvão Almeida de Oliveira Gonçalves,MID,Chelsea,65.0,1.629608424525144,187
174594,Lukas Nmecha,FWD,Leeds,55.0,1.5671818589212698,188
457569,Đorđe Petrović,GK,Bournemouth,45.0,1.5659880241492175,189
80201,Bernd Leno,GK,Fulham,45.0,1.5659880241492175,190
465351,Matheus Nunes,DEF,Man City,60.0,1.5392682649249145,191
577016,Josh Acheampong,DEF,Chelsea,45.0,1.5232200878373487,192
202993,Rodrigo Bentancur,MID,Spurs,55.0,1.5119188219006594,193
243016,Alexis Mac Allister,MID,Liverpool,55.0,1.5119188219006594,194
433154,Dwight McNeil,MID,Crystal Palace,55.0,1.5119188219006594,195
469272,Loum Tchaouna,MID,Coventry City,55.0,1.5119188219006594,196
499169,Myles Lewis-Skelly,MID,Arsenal,55.0,1.5119188219006594,197
571779,César Palacios,MID,Fulham,55.0,1.5119188219006594,198
215059,Robert Lynch Sánchez,GK,Chelsea,50.0,1.5004976458908115,199
98980,Emiliano Martínez Romero,GK,Chelsea,50.0,1.5004976458908115,200
168144,Matt Grimes,MID,Coventry City,50.0,1.4861613759116479,201
207189,Sander Berge,MID,Fulham,50.0,1.4861613759116479,202
480457,Jack Rudoni,MID,Coventry City,50.0,1.4861613759116479,203
547701,Archie Gray,MID,Spurs,50.0,1.4861613759116479,204
661888,Caleb Yirenkyi,MID,Coventry City,50.0,1.4861613759116479,205
469142,Jan Paul van Hecke,DEF,Spurs,50.0,1.448321932090588,206
482609,Malo Gusto,DEF,Chelsea,50.0,1.448321932090588,207
498444,Pep Chavarría,DEF,Chelsea,50.0,1.448321932090588,208
154566,Dominic Solanke-Mitchell,FWD,Spurs,60.0,1.4475068555229222,209
212319,Richarlison de Andrade,FWD,Spurs,60.0,1.4475068555229222,210
195546,Emiliano Buendía Stati,MID,Aston Villa,60.0,1.4396823969273982,211
232928,James Garner,MID,Everton,60.0,1.4396823969273982,212
242898,Brennan Johnson,MID,Everton,60.0,1.4396823969273982,213
208706,Bruno Guimarães Rodriguez Moura,MID,Arsenal,69.0,1.390119817496702,214
220566,Rodrigo 'Rodri' Hernandez Cascante,MID,Man City,65.0,1.390119817496702,215
232185,Ismaïla Sarr,MID,Crystal Palace,64.0,1.390119817496702,216
248875,Jérémy Doku,MID,Man City,74.0,1.390119817496702,217
444145,Gabriel Martinelli Silva,MID,Arsenal,64.0,1.390119817496702,218
445044,Dejan Kulusevski,MID,Spurs,65.0,1.390119817496702,219
510281,Sávio Moreira de Oliveira,MID,Spurs,65.0,1.390119817496702,220
560262,Junior Kroupi,MID,Bournemouth,75.0,1.390119817496702,221
205533,Eddie Nketiah,FWD,Crystal Palace,55.0,1.3276932518928277,222
210156,Taiwo Awoniyi,FWD,Coventry City,55.0,1.3276932518928277,223
240514,Kjell Scherpen,GK,Ipswich Town,45.0,1.3264994171207756,224
178301,Ollie Watkins,FWD,Aston Villa,79.0,1.307712603601115,225
224117,Viktor Gyökeres,FWD,Arsenal,74.0,1.307712603601115,226
510663,Hugo Ekitiké,FWD,Liverpool,75.0,1.307712603601115,227
517052,Nicolas Jackson,FWD,Aston Villa,65.0,1.307712603601115,228
462424,William Saliba,DEF,Arsenal,60.0,1.2997796578964724,229
106760,Luke Shaw,DEF,Man Utd,45.0,1.2837314808089066,230
169528,Antonee Robinson,DEF,Fulham,45.0,1.2837314808089066,231
246301,Jorge Cuenca Barreno,DEF,Fulham,45.0,1.2837314808089066,232
196100,Gustavo Hamer,MID,Coventry City,55.0,1.2724302148722175,233
226965,Victor Torp,MID,Coventry City,55.0,1.2724302148722175,234
465694,Nico González Iglesias,MID,Newcastle,55.0,1.2724302148722175,235
485337,Evann Guessand,MID,Crystal Palace,55.0,1.2724302148722175,236
509416,Yasin Ayari,MID,Brighton,55.0,1.2724302148722175,237
560552,Kevin Santos Lopes de Macedo,MID,Fulham,55.0,1.2724302148722175,238
91651,Mateo Kovačić,MID,Man City,55.0,1.2724302148722175,239
216094,Jeremie Frimpong,DEF,Liverpool,55.0,1.2718667639411199,240
225796,Reece James,DEF,Chelsea,55.0,1.2718667639411199,241
441164,Pedro Porro Sauceda,DEF,Spurs,55.0,1.2718667639411199,242
445087,Ronald Araujo,DEF,Liverpool,55.0,1.2718667639411199,243
544877,Milos Kerkez,DEF,Liverpool,55.0,1.2718667639411199,244
499721,Mikey Moore,MID,Spurs,50.0,1.2466727688832058,245
532605,Andrey Nascimento dos Santos,MID,Man Utd,50.0,1.2466727688832058,246
608227,Elliot Stroud,MID,Hull City,50.0,1.2466727688832058,247
119471,Fabian Schär,DEF,Newcastle,50.0,1.208833325062146,248
174874,Joachim Andersen,DEF,Fulham,50.0,1.208833325062146,249
201895,Omar Alderete,DEF,Sunderland,50.0,1.208833325062146,250
214285,Kostas Tsimikas,DEF,Liverpool,50.0,1.208833325062146,251
221820,Lisandro Martínez,DEF,Man Utd,50.0,1.208833325062146,252
460028,Levi Samuels Colwill,DEF,Chelsea,50.0,1.208833325062146,253
550864,Leny Yoro,DEF,Man Utd,50.0,1.208833325062146,254
651426,Jaydee Canvot,DEF,Crystal Palace,50.0,1.208833325062146,255
538007,Promise David,FWD,Brighton,60.0,1.2080182484944804,256
561245,Álvaro Rodríguez,FWD,Bournemouth,60.0,1.2080182484944804,257
60689,Chris Wood,FWD,Nott'm Forest,59.0,1.2080182484944804,258
114243,Jacob Murphy,MID,Newcastle,60.0,1.200193789898956,259
195384,Mikel Merino Zazón,MID,Arsenal,59.0,1.200193789898956,260
209046,Callum Hudson-Odoi,MID,Nott'm Forest,59.0,1.200193789898956,261
493105,Alejandro Garnacho Ferreyra,MID,Aston Villa,60.0,1.200193789898956,262
596777,Patrick Dorgu,MID,Man Utd,59.0,1.200193789898956,263
611665,Bazoumana Touré,MID,Newcastle,59.0,1.200193789898956,264
448104,Piero Hincapié,DEF,Arsenal,54.0,1.1762623497250497,265
216616,Dara O'Shea,DEF,Ipswich Town,40.0,1.1506768349572436,266
219924,Issa Diop,DEF,Ipswich Town,40.0,1.1506768349572436,267
486385,Norberto Bercique Gomes Betuncal,FWD,Everton,55.0,1.0882046448643856,268
75115,Callum Wilson,FWD,Brentford,55.0,1.0882046448643856,269
472739,Carl Rushworth,GK,Coventry City,45.0,1.0870108100923335,270
485055,Antonín Kinský,GK,Spurs,45.0,1.0870108100923335,271
184349,Ryan Sessegnon,DEF,Fulham,45.0,1.0442428737804645,272
223723,Takehiro Tomiyasu,DEF,Crystal Palace,45.0,1.0442428737804645,273
230001,Noussair Mazraoui,DEF,Man Utd,45.0,1.0442428737804645,274
232892,Calvin Bassey,DEF,Fulham,45.0,1.0442428737804645,275
470315,Luca Netz,DEF,Nott'm Forest,45.0,1.0442428737804645,276
472713,Aaron Hickey,DEF,Brentford,45.0,1.0442428737804645,277
487053,Destiny Udogie,DEF,Spurs,45.0,1.0442428737804645,278
54469,Adam Smith,DEF,Bournemouth,45.0,1.0442428737804645,279
575458,Jair Paula da Cunha Filho,DEF,Nott'm Forest,45.0,1.0442428737804645,280
122806,John McGinn,MID,Aston Villa,55.0,1.0329416078437754,281
209289,Emile Smith Rowe,MID,Fulham,55.0,1.0329416078437754,282
241293,Ephron Mason-Clark,MID,Coventry City,55.0,1.0329416078437754,283
543158,Valentín Barco,MID,Chelsea,55.0,1.0329416078437754,284
549912,Chemsdine Talbi,MID,Sunderland,55.0,1.0329416078437754,285
570526,Lucas Bergvall,MID,Spurs,55.0,1.0329416078437754,286
593117,Geovany Quenda,MID,Chelsea,55.0,1.0329416078437754,287
637238,Ayyoub Bouaddi,MID,Man City,55.0,1.0329416078437754,288
180736,Trevoh Chalobah,DEF,Chelsea,55.0,1.0323781569126778,289
247348,Daniel Muñoz Mejía,DEF,Crystal Palace,55.0,1.0323781569126778,290
568420,Ousmane Diomande,DEF,Nott'm Forest,55.0,1.0323781569126778,291
106921,Gerónimo Rulli,GK,Man City,50.0,1.0215204318339273,292
109745,Kepa Arrizabalaga Revuelta,GK,Arsenal,50.0,1.0215204318339273,293
229600,Mark Travers,GK,Everton,50.0,1.0215204318339273,294
433969,Zion Suzuki,GK,Aston Villa,50.0,1.0215204318339273,295
437495,Illan Meslier,GK,Arsenal,50.0,1.0215204318339273,296
449027,Giorgi Mamardashvili,GK,Liverpool,50.0,1.0215204318339273,297
508479,Filip Jörgensen,GK,Chelsea,50.0,1.0215204318339273,298
98747,Nick Pope,GK,Newcastle,50.0,1.0215204318339273,299
200785,Tyler Adams,MID,Bournemouth,50.0,1.007184161854764,300
210462,Ibrahim Sangaré,MID,Nott'm Forest,50.0,1.007184161854764,301
226944,Boubacar Kamara,MID,Aston Villa,50.0,1.007184161854764,302
428580,Frank Onyeka,MID,Coventry City,50.0,1.007184161854764,303
463210,Shea Charles,MID,Fulham,50.0,1.007184161854764,304
508395,Yehor Yarmoliuk,MID,Brentford,50.0,1.007184161854764,305
554197,Chris Rigg,MID,Sunderland,50.0,1.007184161854764,306
612855,Ibrahim Osman,MID,Brighton,50.0,1.007184161854764,307
636852,Sean Steur,MID,Newcastle,50.0,1.007184161854764,308
88894,Ross Barkley,MID,Aston Villa,50.0,1.007184161854764,309
230730,Brandon Thomas-Asante,FWD,Coventry City,50.0,0.9996527214355793,310
106611,Michael Keane,DEF,Everton,50.0,0.9693447180337039,311
135720,Kevin Danso,DEF,Spurs,50.0,0.9693447180337039,312
171287,Joe Gomez,DEF,Liverpool,50.0,0.9693447180337039,313
209365,Matthijs de Ligt,DEF,Man Utd,50.0,0.9693447180337039,314
221632,Cristian Romero,DEF,Spurs,50.0,0.9693447180337039,315
222694,Pascal Struijk,DEF,Brighton,50.0,0.9693447180337039,316
242882,Bafodé Diakité,DEF,Bournemouth,50.0,0.9693447180337039,317
441191,Tino Livramento,DEF,Newcastle,50.0,0.9693447180337039,318
444463,Wesley Fofana,DEF,Chelsea,50.0,0.9693447180337039,319
444765,Sepp van den Berg,DEF,Brentford,50.0,0.9693447180337039,320
454490,Michael Svoboda,DEF,Brighton,50.0,0.9693447180337039,321
485047,Felipe Rodrigues da Silva,DEF,Nott'm Forest,50.0,0.9693447180337039,322
491279,Micky van de Ven,DEF,Spurs,50.0,0.9693447180337039,323
492777,Conor Bradley,DEF,Liverpool,50.0,0.9693447180337039,324
494307,Max Alleyne,DEF,Man City,50.0,0.9693447180337039,325
512462,Jake O'Brien,DEF,Everton,50.0,0.9693447180337039,326
620487,Veljko Milosavljevic,DEF,Bournemouth,50.0,0.9693447180337039,327
205651,Gabriel Fernando de Jesus,FWD,Arsenal,60.0,0.9685296414660381,328
50175,Danny Welbeck,FWD,Chelsea,60.0,0.9685296414660381,329
119090,Leon Goretzka,MID,Aston Villa,60.0,0.960705182870514,330
433036,Tijjani Reijnders,MID,Man City,60.0,0.960705182870514,331
451340,Mitoma Kaoru,MID,Brighton,60.0,0.960705182870514,332
463936,Jamie Bynoe-Gittens,MID,Chelsea,60.0,0.960705182870514,333
493250,Amad Diallo,MID,Man Utd,59.0,0.960705182870514,334
493362,Xavi Simons,MID,Spurs,60.0,0.960705182870514,335
592031,Yankuba Minteh,MID,Brighton,59.0,0.960705182870514,336
614071,Johan Manzambi,MID,Aston Villa,59.0,0.960705182870514,337
448514,Rayan Aït-Nouri,DEF,Man City,54.0,0.9367737426966077,338
620109,Marco Palestra,DEF,Chelsea,54.0,0.9367737426966077,339
173878,Jay Dasilva,DEF,Coventry City,40.0,0.9111882279288013,340
451284,Milan van Ewijk,DEF,Coventry City,40.0,0.9111882279288013,341
481655,Martín Zubimendi Ibáñez,MID,Arsenal,54.0,0.8784619747134527,342
486672,Moisés Caicedo Corozo,MID,Chelsea,54.0,0.8784619747134527,343
244042,Rodrigo Muniz Carvalho,FWD,Fulham,55.0,0.8487160378359436,344
463034,Liam Delap,FWD,Nott'm Forest,55.0,0.8487160378359436,345
465680,Arnaud Kalimuendo,FWD,Nott'm Forest,55.0,0.8487160378359436,346
149484,Tyrone Mings,DEF,Aston Villa,45.0,0.8047542667520227,347
173774,Nico Elvedi,DEF,Leeds,45.0,0.8047542667520227,348
194010,Rico Henry,DEF,Brentford,45.0,0.8047542667520227,349
220362,Axel Disasi,DEF,Crystal Palace,45.0,0.8047542667520227,350
231065,Ethan Pinnock,DEF,Coventry City,45.0,0.8047542667520227,351
242313,Oscar Mingueza,DEF,Crystal Palace,45.0,0.8047542667520227,352
244723,Tyrick Mitchell,DEF,Crystal Palace,45.0,0.8047542667520227,353
451490,João Pedro Loureiro da Costa,DEF,Brighton,45.0,0.8047542667520227,354
477064,Rico Lewis,DEF,Man City,45.0,0.8047542667520227,355
487992,Matteo Ruggeri,DEF,Aston Villa,45.0,0.8047542667520227,356
606745,Ayden Heaven,DEF,Man Utd,45.0,0.8047542667520227,357
616222,Vitor de Oliveira Nunes dos Reis,DEF,Man City,45.0,0.8047542667520227,358
78916,Dan Burn,DEF,Newcastle,49.0,0.7962451379664248,359
180974,Joelinton Cássio Apolinário de Lira,MID,Newcastle,55.0,0.7934530008153333,360
184341,Mason Mount,MID,Man Utd,55.0,0.7934530008153333,361
200641,Reiss Nelson,MID,Arsenal,55.0,0.7934530008153333,362
206915,Curtis Jones,MID,Liverpool,55.0,0.7934530008153333,363
215711,Leon Bailey,MID,Aston Villa,55.0,0.7934530008153333,364
219249,Matt O'Riley,MID,Brighton,55.0,0.7934530008153333,365
223541,Federico Chiesa,MID,Liverpool,55.0,0.7934530008153333,366
232787,Conor Gallagher,MID,Spurs,55.0,0.7934530008153333,367
438098,Fábio Ferreira Vieira,MID,Arsenal,55.0,0.7934530008153333,368
444884,Harvey Elliott,MID,Liverpool,55.0,0.7934530008153333,369
465920,Mykhailo Mudryk,MID,Chelsea,55.0,0.7934530008153333,370
476887,Dilane Bakwa,MID,Nott'm Forest,55.0,0.7934530008153333,371
481624,Jaden Philogene,MID,Ipswich Town,55.0,0.7934530008153333,372
496661,Tyler Dibling,MID,Everton,55.0,0.7934530008153333,373
503301,Omari Hutchinson,MID,Nott'm Forest,55.0,0.7934530008153333,374
550839,Wilson Odobert,MID,Spurs,55.0,0.7934530008153333,375
111317,David Brooks,MID,Bournemouth,50.0,0.7676955548263218,376
158499,Ryan Christie,MID,Bournemouth,50.0,0.7676955548263218,377
180135,Sean Longstaff,MID,Leeds,50.0,0.7676955548263218,378
200617,Daniel James,MID,Leeds,50.0,0.7676955548263218,379
218543,Exequiel Palacios,MID,Ipswich Town,50.0,0.7676955548263218,380
232653,Jacob Ramsey,MID,Newcastle,50.0,0.7676955548263218,381
248056,Tanaka Ao,MID,Leeds,50.0,0.7676955548263218,382
250199,Nicolás Domínguez,MID,Nott'm Forest,50.0,0.7676955548263218,383
445028,Hidemasa Morita,MID,Hull City,50.0,0.7676955548263218,384
461199,Romaine Mundle,MID,Sunderland,50.0,0.7676955548263218,385
469266,Lucas Gourna-Douath,MID,Hull City,50.0,0.7676955548263218,386
490094,Tim Iroegbunam,MID,Everton,50.0,0.7676955548263218,387
490884,Mohamed-Ali Cho,MID,Hull City,50.0,0.7676955548263218,388
496208,Ben Gannon-Doak,MID,Bournemouth,50.0,0.7676955548263218,389
501459,Tatsuhiro Sakamoto,MID,Coventry City,50.0,0.7676955548263218,390
502697,Carlos Alcaraz Durán,MID,Everton,50.0,0.7676955548263218,391
514514,Lewis Koumas,MID,Liverpool,50.0,0.7676955548263218,392
515597,Lamare Bogarde,MID,Aston Villa,50.0,0.7676955548263218,393
559152,Zavier Gozo,MID,Crystal Palace,50.0,0.7676955548263218,394
576628,Shea Lacey,MID,Man Utd,50.0,0.7676955548263218,395
591386,Trey Nyoni,MID,Liverpool,50.0,0.7676955548263218,396
614574,Alex Tóth,MID,Bournemouth,50.0,0.7676955548263218,397
632794,Aladji Bamba,MID,Newcastle,50.0,0.7676955548263218,398
653481,Alysson Edward Franco da Rocha dos Santos,MID,Aston Villa,50.0,0.7676955548263218,399
700308,Zadok Yohanna,MID,Brighton,50.0,0.7676955548263218,400
218997,Ellis Simms,FWD,Coventry City,50.0,0.7601641144071372,401
433590,Cody Drameh,DEF,Hull City,40.0,0.6716996209003593,402
539142,Aurèle Amenda,DEF,Coventry City,40.0,0.6716996209003593,403
572584,Abdoul Ouattara,DEF,Ipswich Town,40.0,0.6716996209003593,404
597462,Lucas Herrington,DEF,Hull City,40.0,0.6716996209003593,405
499175,Ethan Nwaneri,MID,Arsenal,54.0,0.6389733676850107,406
616077,Max Dowman,MID,Arsenal,54.0,0.6389733676850107,407
168636,Enes Ünal,FWD,Bournemouth,55.0,0.6092274308075015,408
173879,Tammy Abraham,FWD,Aston Villa,55.0,0.6092274308075015,409
176412,Haji Wright,FWD,Coventry City,55.0,0.6092274308075015,410
608181,Stefanos Tzimas,FWD,Brighton,55.0,0.6092274308075015,411
690838,Brian Madjo,FWD,Aston Villa,55.0,0.6092274308075015,412
72147,Marco Bizot,GK,Aston Villa,45.0,0.6080335960354493,413
101282,Matt Crooks,MID,Hull City,45.0,0.5814450286256969,414
461587,Kasey McAteer,MID,Ipswich Town,45.0,0.5814450286256969,415
577285,George Hemmings,MID,Aston Villa,45.0,0.5814450286256969,416
101188,Lucas Digne,DEF,Aston Villa,45.0,0.5652656597235806,417
109646,Tosin Adarabioyo,DEF,Chelsea,45.0,0.5652656597235806,418
167074,Kenny Tete,DEF,Fulham,45.0,0.5652656597235806,419
199798,Ezri Konsa Ngoyo,DEF,Arsenal,45.0,0.5652656597235806,420
214590,Aaron Wan-Bissaka,DEF,Aston Villa,45.0,0.5652656597235806,421
218364,Borna Sosa,DEF,Crystal Palace,45.0,0.5652656597235806,422
223434,Igor Julio dos Santos de Paulo,DEF,Brighton,45.0,0.5652656597235806,423
232859,Djed Spence,DEF,Spurs,45.0,0.5652656597235806,424
242880,Benoît Badiashile Mukinayi,DEF,Chelsea,45.0,0.5652656597235806,425
243526,Gabriel Gudmundsson,DEF,Leeds,45.0,0.5652656597235806,426
243571,Nathan Patterson,DEF,Everton,45.0,0.5652656597235806,427
244954,Pau Torres,DEF,Aston Villa,45.0,0.5652656597235806,428
436893,Julián Araujo Zúñiga,DEF,Bournemouth,45.0,0.5652656597235806,429
437738,Sebastiaan Bornauw,DEF,Leeds,45.0,0.5652656597235806,430
441302,Ian Maatsen,DEF,Aston Villa,45.0,0.5652656597235806,431
494928,Juanlu Sánchez,DEF,Bournemouth,45.0,0.5652656597235806,432
500151,Nicolò Savona,DEF,Nott'm Forest,45.0,0.5652656597235806,433
512123,Jaouen Hadjam,DEF,Brighton,45.0,0.5652656597235806,434
513086,Jannik Schuster,DEF,Brentford,45.0,0.5652656597235806,435
519634,Jenson Seelt,DEF,Sunderland,45.0,0.5652656597235806,436
548308,Ashley Phillips,DEF,Spurs,45.0,0.5652656597235806,437
550090,Diego Coppola,DEF,Brighton,45.0,0.5652656597235806,438
570241,Kim Ji-soo,DEF,Brentford,45.0,0.5652656597235806,439
574458,Mamadou Sarr,DEF,Chelsea,45.0,0.5652656597235806,440
590014,Rio Cardines,DEF,Crystal Palace,45.0,0.5652656597235806,441
613804,El Hadji Malick Diouf,DEF,Brentford,45.0,0.5652656597235806,442
622758,Aaron Anselmino,DEF,Chelsea,45.0,0.5652656597235806,443
638411,Dayann Méthalie,DEF,Sunderland,45.0,0.5652656597235806,444
128295,Christian Nørgaard,MID,Everton,50.0,0.5282069477978798,445
149929,Wes Burns,MID,Ipswich Town,50.0,0.5282069477978798,446
152551,Jefferson Lerma Solís,MID,Crystal Palace,50.0,0.5282069477978798,447
155405,Kalvin Phillips,MID,Man City,50.0,0.5282069477978798,448
158983,Endo Wataru,MID,Liverpool,50.0,0.5282069477978798,449
172453,Sam Szmodics,MID,Ipswich Town,50.0,0.5282069477978798,450
183656,Josh Dasilva,MID,Brentford,50.0,0.5282069477978798,451
208481,Abdülkadir Ömür,MID,Hull City,50.0,0.5282069477978798,452
213292,David Akintola,MID,Hull City,50.0,0.5282069477978798,453
216055,Florentino Ibrain Morris Luís,MID,Ipswich Town,50.0,0.5282069477978798,454
221399,Jack Harrison,MID,Leeds,50.0,0.5282069477978798,455
229164,Chiedozie Ogbene,MID,Ipswich Town,50.0,0.5282069477978798,456
232112,Manuel Ugarte Ribeiro,MID,Man Utd,50.0,0.5282069477978798,457
232457,Anis Mehmeti,MID,Ipswich Town,50.0,0.5282069477978798,458
241117,Azor Matusiwa,MID,Ipswich Town,50.0,0.5282069477978798,459
244858,Fábio Freitas Gouveia Carvalho,MID,Brentford,50.0,0.5282069477978798,460
438464,Cheick Doucouré,MID,Crystal Palace,50.0,0.5282069477978798,461
439668,Josh Eccles,MID,Coventry City,50.0,0.5282069477978798,462
449871,Amadou Onana,MID,Aston Villa,50.0,0.5282069477978798,463
450542,Jesurun Rak-Sakyi,MID,Crystal Palace,50.0,0.5282069477978798,464
462635,Joe Gelhardt,MID,Hull City,50.0,0.5282069477978798,465
469247,Samuel Iling-Junior,MID,Aston Villa,50.0,0.5282069477978798,466
486520,Ilia Gruev,MID,Leeds,50.0,0.5282069477978798,467
489706,Justin Devenny,MID,Crystal Palace,50.0,0.5282069477978798,468
489888,Amine Adli,MID,Bournemouth,50.0,0.5282069477978798,469
490161,Abu Kamara,MID,Hull City,50.0,0.5282069477978798,470
490881,Toby Collyer,MID,Man Utd,50.0,0.5282069477978798,471
492859,Wilfried Gnonto,MID,Leeds,50.0,0.5282069477978798,472
519324,Amario Cozier-Duberry,MID,Brighton,50.0,0.5282069477978798,473
535301,Carlos Baleba,MID,Man Utd,50.0,0.5282069477978798,474
535928,Stefan Bajčetić Maquieira,MID,Liverpool,50.0,0.5282069477978798,475
536916,Facundo Buonanotte,MID,Brighton,50.0,0.5282069477978798,476
543295,Antoni Milambo,MID,Brentford,50.0,0.5282069477978798,477
547037,Jack Fletcher,MID,Man Utd,50.0,0.5282069477978798,478
549074,Tom Watson,MID,Brighton,50.0,0.5282069477978798,479
552946,Jens Hjertø-Dahl,MID,Hull City,50.0,0.5282069477978798,480
56979,Jordan Henderson,MID,Chelsea,50.0,0.5282069477978798,481
575204,Claudio Echeverri,MID,Man City,50.0,0.5282069477978798,482
606921,Romain Esse,MID,Crystal Palace,50.0,0.5282069477978798,483
649208,Jeremy Monga,MID,Man City,50.0,0.5282069477978798,484
699989,Djiamgone Jocelin Ta Bi,MID,Sunderland,50.0,0.5282069477978798,485
76357,Tom Cairney,MID,Fulham,50.0,0.5282069477978798,486
523700,Daniel Jebbison,FWD,Bournemouth,50.0,0.5206755073786951,487
160817,Paddy McNair,DEF,Hull City,40.0,0.4322110138719172,488
167512,Luke O'Nien,DEF,Sunderland,40.0,0.4322110138719172,489
169359,Matt Targett,DEF,Hull City,40.0,0.4322110138719172,490
176420,Darnell Furlong,DEF,Ipswich Town,40.0,0.4322110138719172,491
449429,Jacob Greaves,DEF,Ipswich Town,40.0,0.4322110138719172,492
554054,Kaden Braithwaite,DEF,Man City,40.0,0.4322110138719172,493
515621,Chadi Riad Dnanou,DEF,Crystal Palace,44.0,0.4150698805135862,494
105666,Jack Butland,GK,Hull City,45.0,0.36854498900700716,495
108813,Christian Walton,GK,Ipswich Town,45.0,0.36854498900700716,496
110690,Ben Wilson,GK,Coventry City,45.0,0.36854498900700716,497
121709,Walter Benítez,GK,Crystal Palace,45.0,0.36854498900700716,498
122074,Marcus Bettinelli,GK,Man City,45.0,0.36854498900700716,499
138001,Tom King,GK,Everton,45.0,0.36854498900700716,500
184254,Guglielmo Vicario,GK,Spurs,45.0,0.36854498900700716,501
201595,Lucas Estella Perri,GK,Leeds,45.0,0.36854498900700716,502
221389,John Victor Maciel Furtado,GK,Nott'm Forest,45.0,0.36854498900700716,503
230650,Michele Di Gregorio,GK,Bournemouth,45.0,0.36854498900700716,504
428971,Steven Benda,GK,Nott'm Forest,45.0,0.36854498900700716,505
451302,Altay Bayındır,GK,Man Utd,45.0,0.36854498900700716,506
507433,Hákon Rafn Valdimarsson,GK,Brentford,45.0,0.36854498900700716,507
515046,Melker Ellborg,GK,Sunderland,45.0,0.36854498900700716,508
546600,Kayne van Oevelen,GK,Ipswich Town,45.0,0.36854498900700716,509
549939,Mike Penders,GK,Chelsea,45.0,0.36854498900700716,510
554578,Ewen Jaouen,GK,Newcastle,45.0,0.36854498900700716,511
59735,Karl Darlow,GK,Man Utd,45.0,0.36854498900700716,512
81441,Mark Gillespie,GK,Newcastle,45.0,0.36854498900700716,513
616288,Ryan McAidoo,MID,Man City,45.0,0.34195642159725487,514
458249,Joshua Zirkzee,FWD,Man Utd,54.0,0.33677704714584006,515
199796,Matty Cash,DEF,Aston Villa,45.0,0.3257770526951385,516
448089,Joao Gomes,MID,Aston Villa,55.0,0.3144757867584491,517
557012,Sindre Walle Egeli,FWD,Ipswich Town,45.0,0.2865867119724525,518
222625,George Hirst,FWD,Ipswich Town,50.0,0.28118690035025296,519
235826,Joël Piroe,FWD,Leeds,50.0,0.28118690035025296,520
462387,Ali Al-Hamadi,FWD,Ipswich Town,50.0,0.28118690035025296,521
487117,Evan Ferguson,FWD,Brighton,50.0,0.28118690035025296,522
499309,Marc Guiu Paz,FWD,Chelsea,50.0,0.28118690035025296,523
503037,Emmanuel Emegha,FWD,Chelsea,50.0,0.28118690035025296,524
551262,Jahnoah Markelo,FWD,Coventry City,50.0,0.28118690035025296,525
627221,Sidiki Cherif,FWD,Coventry City,50.0,0.28118690035025296,526
660392,Christantus Uche,FWD,Crystal Palace,50.0,0.28118690035025296,527
105717,Arthur Masuaku,DEF,Sunderland,40.0,0.1927224068434751,528
115556,Ben Davies,DEF,Spurs,40.0,0.1927224068434751,529
183015,Cédric Kipré,DEF,Ipswich Town,40.0,0.1927224068434751,530
204813,Joel Latibeaudiere,DEF,Coventry City,40.0,0.1927224068434751,531
204822,Omar Richards,DEF,Nott'm Forest,40.0,0.1927224068434751,532
220583,Luke Woolfenden,DEF,Coventry City,40.0,0.1927224068434751,533
222018,Ben Johnson,DEF,Ipswich Town,40.0,0.1927224068434751,534
436761,Liam Kitching,DEF,Coventry City,40.0,0.1927224068434751,535
449428,Matty Jacob,DEF,Hull City,40.0,0.1927224068434751,536
465390,Kaine Kesler-Hayden,DEF,Coventry City,40.0,0.1927224068434751,537
477547,Leo Fuhr Hjelde,DEF,Sunderland,40.0,0.1927224068434751,538
489580,Calvin Ramsay,DEF,Liverpool,40.0,0.1927224068434751,539
499300,Adam Aznou,DEF,Everton,40.0,0.1927224068434751,540
499716,James Rowswell,DEF,Spurs,40.0,0.1927224068434751,541
501902,Charlie Hughes,DEF,Hull City,40.0,0.1927224068434751,542
519440,Wellity Lucky,DEF,Liverpool,40.0,0.1927224068434751,543
538638,Tyler Bindon,DEF,Nott'm Forest,40.0,0.1927224068434751,544
545477,Alex Murphy,DEF,Newcastle,40.0,0.1927224068434751,545
547676,Tyler Fredricson,DEF,Man Utd,40.0,0.1927224068434751,546
547686,Luc De Fougerolles,DEF,Fulham,40.0,0.1927224068434751,547
549067,Zach Abbott,DEF,Nott'm Forest,40.0,0.1927224068434751,548
553746,Leo Shahar,DEF,Newcastle,40.0,0.1927224068434751,549
569577,Triston Rowe,DEF,Aston Villa,40.0,0.1927224068434751,550
575901,Julio Soler Barreto,DEF,Bournemouth,40.0,0.1927224068434751,551
577411,Miguel Brau,DEF,Coventry City,40.0,0.1927224068434751,552
577974,Harry Amass,DEF,Man Utd,40.0,0.1927224068434751,553
578545,Kosta Nedeljkovic,DEF,Aston Villa,40.0,0.1927224068434751,554
606798,Andrés García,DEF,Aston Villa,40.0,0.1927224068434751,555
616221,João Victor de Souza Menezes,DEF,Spurs,40.0,0.1927224068434751,556
640419,Jun'ai Byfield,DEF,Spurs,40.0,0.1927224068434751,557
643970,Jayden Lienou,DEF,Leeds,40.0,0.1927224068434751,558
647681,Giovanni Leoni,DEF,Liverpool,40.0,0.1927224068434751,559
661800,Cathal McCarthy,DEF,Hull City,40.0,0.1927224068434751,560
80178,Jake Bidwell,DEF,Coventry City,40.0,0.1927224068434751,561
231416,Ferdi Kadıoğlu,DEF,Brighton,44.0,0.17558127348514416,562
482442,Pape Matar Sarr,MID,Spurs,49.0,0.1029233536166319,563
535818,Simon Adingra,MID,Sunderland,49.0,0.1029233536166319,564
536694,Matheus França de Oliveira,MID,Crystal Palace,49.0,0.1029233536166319,565
108413,Will Hughes,MID,Crystal Palace,45.0,0.10246781456881278,566
153366,Harrison Reed,MID,Fulham,45.0,0.10246781456881278,567
171270,Kieran Dowell,MID,Hull City,45.0,0.10246781456881278,568
204968,Ryan Yates,MID,Nott'm Forest,45.0,0.10246781456881278,569
231899,Jack Taylor,MID,Ipswich Town,45.0,0.10246781456881278,570
465525,Eliot Matazo,MID,Hull City,45.0,0.10246781456881278,571
470294,Darko Gyabi,MID,Hull City,45.0,0.10246781456881278,572
491007,Dário Luís Essugo,MID,Chelsea,45.0,0.10246781456881278,573
491501,James McConnell,MID,Liverpool,45.0,0.10246781456881278,574
492498,Raphael Borges Rodrigues,MID,Coventry City,45.0,0.10246781456881278,575
499726,Callum Olusesi,MID,Spurs,45.0,0.10246781456881278,576
519913,Tyler Fletcher,MID,Man Utd,45.0,0.10246781456881278,577
524180,Cameron Humphreys,MID,Ipswich Town,45.0,0.10246781456881278,578
553783,Óscar Zambrano,MID,Hull City,45.0,0.10246781456881278,579
556637,Nehemiah Oriola,MID,Brighton,45.0,0.10246781456881278,580
571380,Luka Lynch,MID,Aston Villa,45.0,0.10246781456881278,581
576620,Bendito Mantato,MID,Man Utd,45.0,0.10246781456881278,582
590039,Divine Mukasa,MID,Man City,45.0,0.10246781456881278,583
592740,Alfie Cresswell,MID,Leeds,45.0,0.10246781456881278,584
597320,Harry Howell,MID,Brighton,45.0,0.10246781456881278,585
611917,Luca Williams-Barnett,MID,Spurs,45.0,0.10246781456881278,586
616069,Macauley Zepa,MID,Fulham,45.0,0.10246781456881278,587
629397,Kai Andrews,MID,Coventry City,45.0,0.10246781456881278,588
645618,Bradley Burrowes,MID,Aston Villa,45.0,0.10246781456881278,589
672492,Joél Drakes-Thomas,MID,Crystal Palace,45.0,0.10246781456881278,590
684268,George Shepherd,MID,Coventry City,45.0,0.10246781456881278,591
696104,Jules Ahoka,MID,Sunderland,45.0,0.10246781456881278,592
184667,Victor Lindelöf,DEF,Aston Villa,45.0,0.08628844566669643,593
490145,Dane Scarlett,FWD,Spurs,45.0,0.04709810494401047,594
500058,Jayden Danns,FWD,Liverpool,45.0,0.04709810494401047,595
500957,Enis Destan,FWD,Hull City,45.0,0.04709810494401047,596
534392,Mason Burstow,FWD,Hull City,45.0,0.04709810494401047,597
549653,Norman Bassette,FWD,Coventry City,45.0,0.04709810494401047,598
565297,Mateo Joseph Fernández-Regatillo,FWD,Leeds,45.0,0.04709810494401047,599
567119,Shumaira Mheuka,FWD,Chelsea,45.0,0.04709810494401047,600
593174,Kaye Furo,FWD,Brentford,45.0,0.04709810494401047,601
596047,Chido Obi,FWD,Man Utd,45.0,0.04709810494401047,602
599303,Sean Neave,FWD,Newcastle,45.0,0.04709810494401047,603
631786,Jonah Kusi-Asare,FWD,Fulham,45.0,0.04709810494401047,604
112520,Alex Palmer,GK,Ipswich Town,40.0,0.038823512127510784,605
155503,Freddie Woodman,GK,Liverpool,40.0,0.038823512127510784,606
167825,Dillon Phillips,GK,Hull City,40.0,0.038823512127510784,607
169593,Remi Matthews,GK,Crystal Palace,40.0,0.038823512127510784,608
21205,Tom Heaton,GK,Man Utd,40.0,0.038823512127510784,609
214572,Brandon Austin,GK,Spurs,40.0,0.038823512127510784,610
232571,Anthony Patterson,GK,Sunderland,40.0,0.038823512127510784,611
40383,Fraser Forster,GK,Bournemouth,40.0,0.038823512127510784,612
432987,Vitezslav Jaros,GK,Liverpool,40.0,0.038823512127510784,613
444172,Will Dennis,GK,Bournemouth,40.0,0.038823512127510784,614
444307,Thimothée Lo-Tutala,GK,Hull City,40.0,0.038823512127510784,615
464353,Harvey Davies,GK,Liverpool,40.0,0.038823512127510784,616
484389,Oliver Dovin,GK,Coventry City,40.0,0.038823512127510784,617
49262,Jason Steele,GK,Brighton,40.0,0.038823512127510784,618
494950,Harvey Cartwright,GK,Hull City,40.0,0.038823512127510784,619
50093,David Button,GK,Ipswich Town,40.0,0.038823512127510784,620
505079,Alfie McNally,GK,Fulham,40.0,0.038823512127510784,621
586268,Armin Pecsi,GK,Liverpool,40.0,0.038823512127510784,622
67089,Martin Dubravka,GK,Spurs,40.0,0.038823512127510784,623
79602,Dan Bentley,GK,Coventry City,40.0,0.038823512127510784,624
86873,Benjamin Lecomte,GK,Fulham,40.0,0.038823512127510784,625
97846,Alex Cairns,GK,Leeds,40.0,0.038823512127510784,626
